{
    "area_promedio": 16480.678915271677,
    "lado_cuadrado": 128.37709653700568
}
